Image File,Inference Result,Top 10 Words,Top 10 Probabilities
img1.png,Corn,"Corn, Pe, P, Be, S, G, F, E, Cas, Se","0.2549615800380707, 0.2048673778772354, 0.06599311530590057, 0.05428444966673851, 0.021258097141981125, 0.019507525488734245, 0.018614212051033974, 0.017081359401345253, 0.015431723557412624, 0.01484054233878851"
img2.png,Umbrella,"Um, Par, Open, Sun, U, Can, F, An, Sh, St","0.9272659420967102, 0.03767947107553482, 0.004942471161484718, 0.004002534784376621, 0.0016426370711997151, 0.00126933166757226, 0.0009286628337576985, 0.0009071504464372993, 0.0009071504464372993, 0.0007943274104036391"
img3.png,Waitress,"Wait, Server, Ser, T, Lady, Woman, Food, Host, Car, D","0.8622519969940186, 0.06149294972419739, 0.014605855569243431, 0.0085863396525383, 0.007007966749370098, 0.004854276310652494, 0.004024336114525795, 0.0029906330164521933, 0.0023657854180783033, 0.0023473745677620173"
img4.png,Tank,"T, Arm, Military, Army, Car, Bul, Battle, Draw, C, Track","0.8769695162773132, 0.03347661718726158, 0.007951393723487854, 0.004566101357340813, 0.004323097877204418, 0.0038751999381929636, 0.003640413284301758, 0.0032126535661518574, 0.0026633834931999445, 0.002026194939389825"
img5.png,Dress,"D, Sh, Woman, Draw, Un, Out, Lady, Cl, F, Fem","0.5300834774971008, 0.05947371944785118, 0.042503949254751205, 0.03780379518866539, 0.019308291375637054, 0.018424099311232567, 0.01758039928972721, 0.014688973315060139, 0.011802921071648598, 0.008175645023584366"
img6.png,Hamburger,"Hamb, Bur, Che, Sand, H, Bun, Hamburg, Hot, L, Burg","0.5095712542533875, 0.2562285363674164, 0.0647847130894661, 0.06328397244215012, 0.029200758785009384, 0.01445542462170124, 0.007920918986201286, 0.006935788784176111, 0.00245378608815372, 0.00218244269490242"
img7.png,Mirror,"Mir, Bath, Mic, H, D, Medicine, Magn, S, Looking, Sh","0.8336837291717529, 0.01275810319930315, 0.011084431782364845, 0.006882479880005121, 0.005195168778300285, 0.003921519033610821, 0.003860721830278635, 0.003800866426900029, 0.0037419397849589586, 0.0030303148087114096"
img8.png,Tiger,"T, Cat, Z, St, Tig, Lion, Leop, Beng, C, Black","0.8465054035186768, 0.06840813159942627, 0.03011968918144703, 0.017431940883398056, 0.007154053542762995, 0.0032245845068246126, 0.0015962851466611028, 0.001464833621867001, 0.0014534341171383858, 0.0012927110074087977"
img9.png,Guitar,"Gu, Ac, Uk, Musical, Inst, A, C, Vi, P, L","0.9503244757652283, 0.013877113349735737, 0.004298929125070572, 0.002690201159566641, 0.001406604191288352, 0.0011391028529033065, 0.0011214427649974823, 0.0010784808546304703, 0.0008268999517895281, 0.0007588060689158738"
img10.png,Whale,"Wh, S, Dol, Sh, H, Bel, Hi, Or, Nar, Draw","0.9295094609260559, 0.014907202683389187, 0.014676087535917759, 0.009401855058968067, 0.006023054011166096, 0.002631277544423938, 0.001499256701208651, 0.0014531294582411647, 0.001186009612865746, 0.0009093452827073634"
img11.png,Chess,"Ch, Cand, Ro, C, Stat, Tro, L, V, P, Crown","0.10073598474264145, 0.09537491947412491, 0.04265430197119713, 0.041666217148303986, 0.03793752193450928, 0.02931584231555462, 0.028413889929652214, 0.02449430339038372, 0.0221287589520216, 0.01696670800447464"
img12.png,Ghost,"Ghost, Hall, G, S, Ph, Gh, Ha, Spect, Sc, Cost","0.8240534067153931, 0.056517358869314194, 0.046489913016557693, 0.012512589804828167, 0.008735195733606815, 0.004426781553775072, 0.0036699308548122644, 0.00344758084975183, 0.002706037135794759, 0.0018453572411090136"
img13.png,Dinosaur,"Din, T, Tr, Br, Draw, Ty, I, D, Di, Ste","0.7419193387031555, 0.05545048788189888, 0.05088422819972038, 0.017585117369890213, 0.011532602831721306, 0.011090795509517193, 0.009486459195613861, 0.007563265040516853, 0.007216918282210827, 0.0070497384294867516"
img14.png,Tree,"Tree, Tre, Draw, Oak, Apple, B, Tr, Forest, Map, Le","0.8833066821098328, 0.04572910815477371, 0.004934110678732395, 0.004253469407558441, 0.003391161561012268, 0.003185701323673129, 0.003111904487013817, 0.0029926893766969442, 0.0027248747646808624, 0.002559782937169075"
img15.png,Pen,"Pen, P, In, Ball, Writing, Mark, St, F, White, I","0.641845166683197, 0.20837660133838654, 0.061596013605594635, 0.011573546566069126, 0.0069108810275793076, 0.004824572242796421, 0.0037281406112015247, 0.0027922482695430517, 0.0024259472265839577, 0.0018746266141533852"
img16.png,Scissors,"Sc, She, C, S, P, T, H, Sh, G, Raz","0.9739020466804504, 0.0065621002577245235, 0.004914786200970411, 0.003099716966971755, 0.0024329957086592913, 0.001149265794083476, 0.0005261721671558917, 0.00028384861070662737, 0.00018908393394667655, 0.0001762456085998565"
img17.png,Cane,"C, Um, Can, Walk, St, Snow, Sh, Cro, Cr, P","0.5567899346351624, 0.2432435005903244, 0.11854740977287292, 0.04033372923731804, 0.0037516208831220865, 0.0023661176674067974, 0.0020557185634970665, 0.0013694037916138768, 0.0013481732457876205, 0.00124685640912503"
img18.png,Comb,"Com, Br, H, E, To, Raz, Must, Sh, Sc, C","0.625770628452301, 0.24891436100006104, 0.03817225247621536, 0.008996146731078625, 0.006581722293049097, 0.006039727479219437, 0.004249479155987501, 0.003309497842565179, 0.002943528350442648, 0.0021535309497267008"
img19.png,Thermometer,"Th, Tem, T, Me, S, R, C, G, We, Ther","0.9005178809165955, 0.02456708811223507, 0.011160101741552353, 0.005927084945142269, 0.0031478512100875378, 0.0029112861957401037, 0.00223216088488698, 0.0018650402780622244, 0.0018505261978134513, 0.0016981384251266718"
img20.png,Water pump,"Water, P, F, Well, Br, Hand, Draw, Press, H, O","0.29455992579460144, 0.20087240636348724, 0.1704782098531723, 0.12570273876190186, 0.01868404448032379, 0.01254387479275465, 0.009693155065178871, 0.009105876088142395, 0.00760824466124177, 0.007316777016967535"
img21.png,Grapes,"G, Gra, F, Cl, B, W, V, Un, P, Vit","0.6205918788909912, 0.2797226905822754, 0.02090626023709774, 0.015780873596668243, 0.010268810205161572, 0.00920490175485611, 0.0051232995465397835, 0.001400632201693952, 0.0011702720075845718, 0.0010572527535259724"
img22.png,Strawberry,"St, F, Pe, P, Pear, Apple, Orange, Cher, Pom, A","0.34518370032310486, 0.18476352095603943, 0.06536678224802017, 0.048576466739177704, 0.04563336819410324, 0.038728535175323486, 0.02138792909681797, 0.020249685272574425, 0.015405148267745972, 0.011009563691914082"
img23.png,Bread,"B, Lo, S, Sand, Toast, Break, But, Bun, P, Pie","0.8161009550094604, 0.07186940312385559, 0.04901067167520523, 0.018030017614364624, 0.007876732386648655, 0.004216110799461603, 0.0018418824765831232, 0.001423296402208507, 0.0012079359730705619, 0.0010171841131523252"
img24.png,Football,"Football, American, Ball, Soccer, Foot, Sports, Bl, E, P, Vol","0.8165349960327148, 0.07775068283081055, 0.03423316404223442, 0.010941576212644577, 0.010040554217994213, 0.0048552947118878365, 0.002479841932654381, 0.0023848405107855797, 0.0021545239724218845, 0.001961716450750828"
img25.png,Pig,"P, Hog, Cow, Sw, Run, Walk, Running, Draw, Ham, Bo","0.786875307559967, 0.028661932796239853, 0.027349408715963364, 0.019545739516615868, 0.015461951494216919, 0.010710181668400764, 0.008341098204255104, 0.007594656199216843, 0.006007866933941841, 0.005513128824532032"
img26.png,Apple,"Apple, F, Pear, Orange, Pe, Pom, App, Un, Gra, Cher","0.8550988435745239, 0.053398340940475464, 0.01774701103568077, 0.013929788023233414, 0.0059911273419857025, 0.004851762671023607, 0.003719975706189871, 0.0028522040229290724, 0.0027429379988461733, 0.0025969615671783686"
img27.png,Hand,"Hand, Pal, F, Left, Human, Right, Glo, Five, H, Open","0.71226966381073, 0.10261218249797821, 0.022365489974617958, 0.021508680656552315, 0.021341297775506973, 0.01598389446735382, 0.011071720160543919, 0.009396446868777275, 0.008163775317370892, 0.003222054336220026"
img28.png,Towel,"Tow, Bl, Cl, Hand, Rob, Bath, Sh, W, S, Sc","0.8568781018257141, 0.01619246043264866, 0.011042298749089241, 0.009226186200976372, 0.007241716142743826, 0.007241716142743826, 0.005728668533265591, 0.004786482080817223, 0.004567292984575033, 0.003937252797186375"
img29.png,Lion,"Lion, Draw, Cat, L, T, King, The, Leo, Un, Animal","0.9579846858978271, 0.00841871090233326, 0.004071022849529982, 0.0034281446132808924, 0.0016838482115417719, 0.0012910512741655111, 0.0007830621325410903, 0.0007589698652736843, 0.0007185782305896282, 0.000707437691744417"
img30.png,Glass,"G, Cup, Dr, T, Em, P, Sh, M, Water, C","0.5882930159568787, 0.16209176182746887, 0.0708126425743103, 0.030219128355383873, 0.022810595110058784, 0.010774962604045868, 0.00973436702042818, 0.008725830353796482, 0.007944959215819836, 0.007821783423423767"
img31.png,Fork,"F, Ut, Pl, Silver, Spo, E, Fo, For, T, D","0.8661431074142456, 0.03895813599228859, 0.015988387167453766, 0.013999898917973042, 0.010242544114589691, 0.00698480848222971, 0.0032993899658322334, 0.002800155896693468, 0.002376461634412408, 0.0022676356602460146"
img32.png,Flowers,"Flow, Plant, F, Pl, P, Le, Bou, Plan, Flor, Pot","0.3382168412208557, 0.21165071427822113, 0.13348643481731415, 0.06256382912397385, 0.0461316742002964, 0.03195447847247124, 0.029784847050905228, 0.02063135989010334, 0.01953337900340557, 0.01683882437646389"
img33.png,Car,"Car, Gar, House, Sh, Drive, Park, H, Cover, Classic, Por","0.4655129611492157, 0.3920012414455414, 0.020136116072535515, 0.019823934882879257, 0.004934567492455244, 0.004896166268736124, 0.00442331749945879, 0.004253862891346216, 0.003724806709215045, 0.003695819526910782"
img34.png,Can,"Can, C, S, T, Jar, Container, Open, P, Food, Be","0.6439869999885559, 0.13604572415351868, 0.04214499890804291, 0.04181702435016632, 0.0194467231631279, 0.007980919443070889, 0.006313426420092583, 0.005659318529069424, 0.0045830560848116875, 0.004108224529772997"
img35.png,Table,"Table, D, Des, Rect, T, Square, C, Draw, Pic, Chair","0.8983091115951538, 0.020158767700195312, 0.018498724326491356, 0.010136463679373264, 0.0065445927903056145, 0.006343237590044737, 0.0047508650459349155, 0.004063630476593971, 0.003019833704456687, 0.001995988190174103"
img36.png,Waterfall,"Water, F, Fall, Cas, C, Cat, Ni, River, T, H","0.9124200344085693, 0.04040335863828659, 0.00944785587489605, 0.008208440616726875, 0.0026857913471758366, 0.0024454407393932343, 0.0014948679599910975, 0.0009209613781422377, 0.000913794559892267, 0.0008064208668656647"
img37.png,King,"King, Royal, Mon, Crown, Queen, Draw, Emperor, Cart, Kings, Prince","0.8090983033180237, 0.03754753991961479, 0.036677755415439606, 0.008918322622776031, 0.008377988822758198, 0.005803262814879417, 0.005283931270241737, 0.0050815073773264885, 0.0037762552965432405, 0.0028728237375617027"
img38.png,Boot,"Boot, Bo, Sho, Snow, An, U, P, Foot, Winter, S","0.820245087146759, 0.09060216695070267, 0.03958115726709366, 0.005111424718052149, 0.003888566978275776, 0.0027574070263653994, 0.0020652024541050196, 0.00194007798563689, 0.0016987891867756844, 0.0015711230225861073"
img39.png,Foot,"Foot, Fe, Leg, An, B, So, To, Human, Draw, S","0.6012365221977234, 0.29301926493644714, 0.01902708038687706, 0.012674770317971706, 0.010926333256065845, 0.009129294194281101, 0.008848415687680244, 0.006423260550945997, 0.0022372298408299685, 0.001898712245747447"
img40.png,Chair,"Chair, Ch, Wood, Table, D, Des, Draw, F, Se, Bar","0.9372330904006958, 0.005616701208055019, 0.0052764019928872585, 0.0032253998797386885, 0.002453755121678114, 0.0022871510591357946, 0.0022341692820191383, 0.0017264322377741337, 0.0014201244339346886, 0.001409072894603014"
img41.png,Banana,"Ban, F, S, Un, Draw, Pe, St, B, Apple, The","0.8958238959312439, 0.03041486069560051, 0.0053267632611095905, 0.005244179628789425, 0.004148487932980061, 0.003866815473884344, 0.003230845555663109, 0.002988043474033475, 0.0018553186673671007, 0.0014114518417045474"
img42.png,Ring,"Ring, Wed, Eng, R, Jew, Diam, E, An, Silver, Circle","0.8332880139350891, 0.09349232167005539, 0.006719856522977352, 0.004691216163337231, 0.003828858956694603, 0.003711057361215353, 0.002164640463888645, 0.00198638578876853, 0.0017258020816370845, 0.001476156641729176"
img43.png,Dice,"D, Die, Dom, P, Rub, Game, Match, Two, , C","0.721111536026001, 0.07482625544071198, 0.03346436843276024, 0.0198269821703434, 0.011035378091037273, 0.0071808574721217155, 0.006538244895637035, 0.006337084341794252, 0.005725077819079161, 0.005336359608918428"
img44.png,Calendar,"Calendar, Cal, Wall, Picture, Year, , Month, Date, Di, Des","0.8964584469795227, 0.03369003161787987, 0.01249107625335455, 0.008451884612441063, 0.0046675740741193295, 0.0030610698740929365, 0.002597896149381995, 0.001991876168176532, 0.0018566327635198832, 0.001503546955063939"
img45.png,Knife,"Kn, But, Bla, Sh, K, Par, S, D, C, St","0.8701464533805847, 0.04909030720591545, 0.011751420795917511, 0.00801377184689045, 0.005727184470742941, 0.005594514310359955, 0.005464917980134487, 0.005380192305892706, 0.003875206923112273, 0.0025814443361014128"
img46.png,Vest,"V, T, Su, P, Wa, Jack, Sh, Men, S, Und","0.7713595032691956, 0.05501079931855202, 0.03810486942529678, 0.016777345910668373, 0.012084269896149635, 0.009193227626383305, 0.007681228686124086, 0.006076352670788765, 0.004695441573858261, 0.003743532346561551"
img47.png,Turkey,"Turkey, Thanks, Tur, Ro, Bird, Wild, Draw, Ch, T, Hen","0.9083607792854309, 0.027645254507660866, 0.016637207940220833, 0.0041738091967999935, 0.003951683174818754, 0.0032252699602395296, 0.0022340789437294006, 0.0020026154816150665, 0.0017263625049963593, 0.0014312047278508544"
img48.png,Broom,"Bro, Br, Sh, S, D, Sc, C, Snow, P, R","0.608106791973114, 0.2784115672111511, 0.016205497086048126, 0.0143013009801507, 0.014079580083489418, 0.0051392801105976105, 0.0029743872582912445, 0.0026871347799897194, 0.0026248872745782137, 0.0024658534675836563"
img49.png,Balloon,"Bal, Hel, My, Hot, Ball, Float, B, Flo, Air, S","0.864391028881073, 0.026102347299456596, 0.02433006279170513, 0.020328529179096222, 0.00808612909168005, 0.0071359844878315926, 0.003789892653003335, 0.0022986861877143383, 0.0016173277981579304, 0.001405158662237227"
img50.png,Duck,"D, Sw, Draw, Bird, Dra, M, Mall, Rub, P, Go","0.9173369407653809, 0.030902894213795662, 0.00763247674331069, 0.005944178439676762, 0.003257141215726733, 0.0032066439744085073, 0.002785980701446533, 0.0026792511343955994, 0.002556559629738331, 0.002070365007966757"
img51.png,Fireplace,"Fire, H, House, Mant, F, Draw, Sto, Do, Picture, Living","0.8875729441642761, 0.01033323910087347, 0.008499890565872192, 0.006416053511202335, 0.006027324590831995, 0.005706555675715208, 0.005155444145202637, 0.0033286046236753464, 0.002653795061632991, 0.0021157898008823395"
img52.png,Pineapple,"P, F, Pin, Pi, Apple, Pear, Trop, T, An, Pom","0.9161823987960815, 0.03443128243088722, 0.0034900042228400707, 0.0030321681406348944, 0.0027393358759582043, 0.0024364155251532793, 0.0016876558074727654, 0.0013246561866253614, 0.0012739094672724605, 0.001178173697553575"
img53.png,Fan,"F, Electric, Ce, C, Ped, Table, Des, Air, Vent, Rad","0.9279010891914368, 0.006552195642143488, 0.005827643442898989, 0.005648345686495304, 0.005648345686495304, 0.004574169404804707, 0.003704275470227003, 0.001791270449757576, 0.00153215485624969, 0.0011035696370527148"
img54.png,Window,"Window, Sh, Windows, Bl, Do, Cas, Square, Frame, S, Picture","0.8430909514427185, 0.059658538550138474, 0.023730527609586716, 0.014393293298780918, 0.0062879640609025955, 0.0034455200657248497, 0.0032877379562705755, 0.002993519650772214, 0.0024624019861221313, 0.002089813584461808"
img55.png,Lamp,"L, Light, Cand, V, Table, Lam, Lan, Des, Sh, Flash","0.8310993909835815, 0.05789823830127716, 0.014299854636192322, 0.013225204311311245, 0.011947976425290108, 0.010219646617770195, 0.006914958357810974, 0.003759597660973668, 0.003531815018504858, 0.002504431875422597"
img56.png,Drum,"Dr, Sn, T, C, B, Tamb, Per, Bar, D, Tab","0.7717198729515076, 0.10860136896371841, 0.011007992550730705, 0.008845171891152859, 0.005710870958864689, 0.005240590311586857, 0.005000606179237366, 0.004243959207087755, 0.0037452811375260353, 0.003410117235034704"
img57.png,Skull,"Sk, Head, Human, S, Bra, Face, An, C, B, A","0.8769510984420776, 0.04469620808959007, 0.03244597092270851, 0.015088776126503944, 0.006144231650978327, 0.0027478705160319805, 0.002463175216689706, 0.0021737446077167988, 0.00170619145501405, 0.0005368770216591656"
img58.png,Bridge,"Bridge, Draw, Sus, Br, San, Golden, Sk, S, Cross, Walk","0.7587680816650391, 0.11278080195188522, 0.019906993955373764, 0.0073808119632303715, 0.0053999172523617744, 0.005274828523397446, 0.005152637138962746, 0.0030290791764855385, 0.003005506470799446, 0.0023224754258990288"
img59.png,Man,"Man, Snow, Face, E, Be, Russian, In, M, Santa, Fur","0.21944952011108398, 0.08200229704380035, 0.022771216928958893, 0.022243721410632133, 0.022070618346333504, 0.022070618346333504, 0.021059932187199593, 0.020572077482938766, 0.020411984995007515, 0.017596229910850525"
img60.png,Dog,"Dog, Run, Running, D, Play, H, P, S, Race, J","0.4749411344528198, 0.059912096709012985, 0.05246077850461006, 0.03808244317770004, 0.03633851930499077, 0.0325736403465271, 0.017299730330705643, 0.015266958624124527, 0.013160941191017628, 0.012756021693348885"
img61.png,Boat,"Bo, S, Sh, Speed, Draw, C, Motor, Row, Sub, Y","0.8420265913009644, 0.044975776225328445, 0.02582741528749466, 0.019343841820955276, 0.006231153849512339, 0.004703522194176912, 0.004630600567907095, 0.0038389025721699, 0.003157795174047351, 0.0028977557085454464"
img62.png,Cheerleader,"Che, Pom, Dan, Dance, G, J, Tw, P, T, March","0.38963261246681213, 0.2698906362056732, 0.06613954156637192, 0.055695079267024994, 0.02198156900703907, 0.011053026653826237, 0.008213912136852741, 0.007899242453277111, 0.006548701785504818, 0.006497738882899284"
img63.png,Snake,"S, Python, Ser, Cob, Vi, An, C, Sn, Dragon, Co","0.8154686689376831, 0.03313658386468887, 0.031128941103816032, 0.019028741866350174, 0.009201698005199432, 0.005367302801460028, 0.005121516529470682, 0.003776369383558631, 0.0033851154148578644, 0.002168586477637291"
img64.png,Ambulance,"Am, Van, Emer, Medical, Tax, Fire, V, A, Tow, Par","0.8686035871505737, 0.04191470891237259, 0.010680817998945713, 0.009649314917623997, 0.004890034440904856, 0.004022432956844568, 0.003633965039625764, 0.003577625844627619, 0.0029428747948259115, 0.002743060700595379"
img65.png,Carrot,"Car, Veg, Root, Par, Rad, Draw, A, F, Cel, Un","0.9224302172660828, 0.03958990424871445, 0.004994122311472893, 0.003625344019383192, 0.0015714705223217607, 0.001547107007354498, 0.0011955115478485823, 0.0011407652636989951, 0.001055035274475813, 0.0010386784560978413"
img66.png,Sailor,"S, Sold, Man, Navy, An, Draw, Se, A, N, Un","0.7508116364479065, 0.0720532089471817, 0.04913601651787758, 0.017795884981751442, 0.007476611994206905, 0.007476611994206905, 0.007078714203089476, 0.005777478218078613, 0.003730220254510641, 0.0035873178858309984"
img67.png,Book,"Book, Not, Books, P, Di, Bible, Journal, Un, Magazine, Open","0.7815415263175964, 0.05444580689072609, 0.017814598977565765, 0.009314578957855701, 0.008481021039187908, 0.007722056470811367, 0.006814691703766584, 0.005561988800764084, 0.0051439986564219, 0.0038226954638957977"
img68.png,Bus,"Bus, Van, Car, Tra, Cam, V, School, Tour, T, Train","0.5457566976547241, 0.1945955455303192, 0.03861866146326065, 0.03355247899889946, 0.030076244845986366, 0.019879186525940895, 0.0188212338835001, 0.012440076097846031, 0.01187040377408266, 0.00861698854714632"
img69.png,Map,"Map, World, Glo, United, North, Atlas, Cont, America, Us, USA","0.5874446630477905, 0.09971783310174942, 0.07182405889034271, 0.05254760757088661, 0.025016412138938904, 0.01746426895260811, 0.01705970987677574, 0.014937981963157654, 0.008511405438184738, 0.007111545652151108"
img70.png,Squirrel,"S, Ch, Gr, Sh, Se, Mouse, Fox, Be, Sk, Por","0.8507060408592224, 0.03796602413058281, 0.02609363943338394, 0.011310756206512451, 0.0063447593711316586, 0.005426960065960884, 0.002427086466923356, 0.0022800369188189507, 0.0022272199857980013, 0.001996466889977455"
img71.png,Microscope,"Mic, Micro, Magn, T, Science, Bin, S, Spect, Test, Comp","0.8239833116531372, 0.04796157404780388, 0.027758030220866203, 0.008872000500559807, 0.005094761028885841, 0.004566913936287165, 0.004223705269396305, 0.004093755502253771, 0.0035567160230129957, 0.002278517931699753"
img72.png,Bowl,"Bowl, Cup, Bow, S, D, C, G, P, B, Container","0.9453694224357605, 0.01237450446933508, 0.008504864759743214, 0.004243234638124704, 0.001957931090146303, 0.0013668561587110162, 0.0013456649612635374, 0.0009542192565277219, 0.000660968420561403, 0.0006456570699810982"
img73.png,Van,"Van, Car, Bus, Min, V, W, T, Cam, Tra, Su","0.7110880017280579, 0.07207690924406052, 0.05232222378253937, 0.03857998922467232, 0.03351887688040733, 0.011053352616727352, 0.010797301307320595, 0.005303456448018551, 0.004982135724276304, 0.0048667252995073795"
img74.png,Helicopter,"Hel, Pl, A, Air, Cop, Cho, H, C, Aer, Pil","0.9022576808929443, 0.016525426879525185, 0.015645958483219147, 0.01458363700658083, 0.007928985171020031, 0.003804369131103158, 0.0026977015659213066, 0.0018686434486880898, 0.0017554278019815683, 0.0016235053772106767"
img75.png,Bottle,"B, W, G, Em, Be, V, S, Water, Dr, Li","0.48048830032348633, 0.21998359262943268, 0.08481122553348541, 0.07254288345575333, 0.03295408934354782, 0.024875054135918617, 0.007705932017415762, 0.006907552480697632, 0.0054643237963318825, 0.004747486673295498"
img76.png,Scarf,"Sc, T, Ne, Band, S, Winter, Hand, W, In, M","0.825045108795166, 0.05152157321572304, 0.025109605863690376, 0.009910184890031815, 0.009237308986485004, 0.006550231948494911, 0.00453721359372139, 0.004035481251776218, 0.003617381677031517, 0.0029989148024469614"
img77.png,Globe,"Glo, Planet, Sol, Star, Earth, Plan, Ball, Moon, Sun, Un","0.2660912573337555, 0.18004636466503143, 0.08307775110006332, 0.07743696868419647, 0.06833788752555847, 0.04243196174502373, 0.037446070462465286, 0.019732695072889328, 0.01912558265030384, 0.018249759450554848"
img78.png,Frog,"F, L, Fro, Am, T, Le, C, Re, Draw, To","0.7838671207427979, 0.07464003562927246, 0.029922612011432648, 0.009944823570549488, 0.008116726763546467, 0.006126827094703913, 0.004697601310908794, 0.004344570450484753, 0.00424392893910408, 0.003383554983884096"
img79.png,Cow,"Cow, Bull, Draw, Ste, Cal, C, Ox, B, Animal, Cat","0.8401505351066589, 0.0751524418592453, 0.009260597638785839, 0.008431869558990002, 0.008108850568532944, 0.0068818917497992516, 0.005276529584079981, 0.00280234357342124, 0.0022342230658978224, 0.001431297161616385"
img80.png,Beard,"Be, Man, Must, Face, Fa, Go, H, Port, Draw, The","0.3759077191352844, 0.260383665561676, 0.05167471989989281, 0.042506467550992966, 0.03751182183623314, 0.01527501828968525, 0.013271166011691093, 0.007986728101968765, 0.007986728101968765, 0.007215408142656088"
img81.png,Glove,"Glo, Hand, Mit, Mitt, Box, Baseball, Rub, F, P, G","0.889394223690033, 0.03642400726675987, 0.012105569243431091, 0.006429219152778387, 0.005085930693894625, 0.0050070807337760925, 0.0030847731977701187, 0.001930401660501957, 0.0017853297758847475, 0.0017169347265735269"
img82.png,Owl,"O, Bird, E, Snow, Draw, S, Haw, P, T, No","0.9465844631195068, 0.012198314070701599, 0.003467678092420101, 0.003467678092420101, 0.00251726433634758, 0.0024398164823651314, 0.0022214779164642096, 0.001316182198934257, 0.0010826619109138846, 0.0007441018824465573"
img83.png,Pipe,"Pi, P, Sm, Tob, C, Wh, To, B, Fl, Draw","0.3583340644836426, 0.28346559405326843, 0.19944293797016144, 0.015744099393486977, 0.01502312533557415, 0.01502312533557415, 0.007793894037604332, 0.0058831400237977505, 0.005441015120595694, 0.0038885183166712523"
img84.png,Cash register,"C, Sc, Calcul, T, S, We, Th, Rece, Pr, Register","0.5182828903198242, 0.1819344162940979, 0.11034879088401794, 0.028562186285853386, 0.015773536637425423, 0.012284442782402039, 0.0085759237408638, 0.0052834730595350266, 0.005120917689055204, 0.0039263442158699036"
img85.png,Tent,"T, Camp, Sh, Can, H, Cam, Um, House, P, D","0.827546238899231, 0.04816896468400955, 0.015275917015969753, 0.013271946460008621, 0.008502328768372536, 0.006885395385324955, 0.0064178938046097755, 0.00469543132930994, 0.0036283480003476143, 0.0034893485717475414"
img86.png,Flashlight,"Flash, Th, Pen, T, L, St, P, C, In, Light","0.22731967270374298, 0.1000874936580658, 0.05976497754454613, 0.057926200330257416, 0.05192471295595169, 0.04271210357546806, 0.0317409373819828, 0.02652054652571678, 0.025109147652983665, 0.020816216245293617"
img87.png,Camel,"Cam, Two, Hor, , Car, Des, Un, Arab, O, Cart","0.9642094969749451, 0.006547747645527124, 0.002544180490076542, 0.0019055029843002558, 0.0017623023595660925, 0.0015191994607448578, 0.0012112115509808064, 0.0011028206208720803, 0.0010942383669316769, 0.0005374717875383794"
img88.png,Goat,"Go, Ram, She, Draw, Lamb, Mountain, Animal, Cam, Horn, Ro","0.790111243724823, 0.15317004919052124, 0.01190384291112423, 0.003254329552873969, 0.003203875618055463, 0.0029863405507057905, 0.001714911195449531, 0.0012644962407648563, 0.0012546557700261474, 0.0012448919005692005"
img89.png,Fish,"Fish, Sh, S, Wh, T, F, C, M, Pi, Pir","0.6519341468811035, 0.18103556334972382, 0.02374669909477234, 0.015942780300974846, 0.009013230912387371, 0.007892249152064323, 0.0066980645060539246, 0.006098656449466944, 0.0038765419740229845, 0.0032137662637978792"
img90.png,Cannon,"C, W, Can, Cat, Cart, Gun, Art, Tre, Ar, P","0.40204891562461853, 0.11884542554616928, 0.0962439551949501, 0.07613523304462433, 0.04270800203084946, 0.036530088633298874, 0.018804078921675682, 0.010630861856043339, 0.00881329458206892, 0.006757386960089207"
img91.png,Shoe,"Sho, Boot, S, Foot, P, Bo, Sh, Lo, White, Tennis","0.8557262420654297, 0.04903702065348625, 0.01875833235681057, 0.010941637679934502, 0.009655961766839027, 0.005948865320533514, 0.005168463569134474, 0.003781328909099102, 0.0035245860926806927, 0.003442938905209303"
img92.png,Sandwich,"Sand, B, Half, L, Pe, Sub, S, Che, Gr, P","0.8198938965797424, 0.0549294650554657, 0.01169515773653984, 0.009545310400426388, 0.00862346962094307, 0.006458680145442486, 0.006458680145442486, 0.004544248338788748, 0.0037089078687131405, 0.003098908346146345"
img93.png,Spider,"Spider, Sp, Oct, Tar, C, Ara, S, Sc, W, J","0.8372149467468262, 0.08552689105272293, 0.014862344600260258, 0.008874711580574512, 0.008601665496826172, 0.004568309988826513, 0.003938129637390375, 0.0025032274425029755, 0.0023332645650953054, 0.000858360028360039"
img94.png,Belt,"B, Col, Bel, Watch, St, T, Bra, Buck, Ne, Wa","0.5693262815475464, 0.15686587989330292, 0.08331083506345749, 0.03064834512770176, 0.02405616268515587, 0.015410955995321274, 0.010758580639958382, 0.006892206147313118, 0.006838569883257151, 0.006680154707282782"
img95.png,Toilet,"To, Bath, Comm, Rest, Bat, Draw, L, Com, S, Bowl","0.8637176156044006, 0.04910979047417641, 0.019382506608963013, 0.005467086564749479, 0.004324821755290031, 0.003937794826924801, 0.0029724035412073135, 0.002949272282421589, 0.0017610908253118396, 0.0016804445767775178"
img96.png,Wagon,"W, Cart, Car, S, Hand, P, Tr, Garden, Bug, M","0.8100027441978455, 0.0654582604765892, 0.011286419816315174, 0.008858811110258102, 0.007940988056361675, 0.0077570355497300625, 0.006184447091072798, 0.0055871824733912945, 0.0030615234281867743, 0.0028760351706296206"
img97.png,Ruler,"R, Me, T, Rule, Sc, Y, Meter, C, S, Met","0.7628085017204285, 0.09399645030498505, 0.07320450991392136, 0.00665134796872735, 0.005386425647884607, 0.005302916746586561, 0.003702032845467329, 0.0023902119137346745, 0.0018183771753683686, 0.0016949140699580312"
img98.png,Tractor,"T, Tra, Farm, At, John, La, W, Car, All, Four","0.5845730900764465, 0.22187891602516174, 0.036791130900382996, 0.022314948961138725, 0.018791072070598602, 0.012420140206813812, 0.009375213645398617, 0.0073014236986637115, 0.006805675569921732, 0.0054259574972093105"
img99.png,Queen,"Queen, King, Royal, Mon, Princess, Crown, T, Woman, Ts, S","0.6860153675079346, 0.07174280285835266, 0.05500711128115654, 0.023474153131246567, 0.017308756709098816, 0.01208345964550972, 0.007862857542932034, 0.004959041718393564, 0.00488215871155262, 0.004658588673919439"
img100.png,Train,"Train, Tra, Lo, Draw, Two, Cart, Car, P, Rail, C","0.6881449222564697, 0.11233657598495483, 0.07029843330383301, 0.02467707172036171, 0.0056809838861227036, 0.00449402816593647, 0.004123952705413103, 0.0032117371447384357, 0.003064661053940654, 0.002834348240867257"
img101.png,Church,"Church, Chap, Draw, Temple, House, Christian, Par, Building, Ch, Relig","0.9598153829574585, 0.009049219079315662, 0.003627762198448181, 0.0030788416042923927, 0.0027170684188604355, 0.0013555956538766623, 0.0011064049322158098, 0.0010475231101736426, 0.0009030214860104024, 0.0007845585932955146"
img102.png,Anchor,"An, Sh, Com, Bo, S, Draw, Comp, C, T, N","0.8618824481964111, 0.03447963669896126, 0.03066682256758213, 0.017068656161427498, 0.015181179158389568, 0.004702909383922815, 0.0016000844771042466, 0.0011258000740781426, 0.0009705002885311842, 0.0009554540738463402"
img103.png,Whistle,"Wh, Ref, Pe, Micro, Stop, V, Key, Football, Whit, Fl","0.7954590320587158, 0.1076536700129509, 0.005886545404791832, 0.003460521809756756, 0.0033540527801960707, 0.00332795106805861, 0.003250859444960952, 0.002936906646937132, 0.0026532739866524935, 0.002415833529084921"
img104.png,Corn,"Corn, Ear, Ma, E, An, C, Indian, St, F, S","0.8794519305229187, 0.02761506475508213, 0.01741660013794899, 0.015612141229212284, 0.007374653592705727, 0.0024319025687873363, 0.001498251804150641, 0.0014185161562636495, 0.001374873099848628, 0.0013119130162522197"
img105.png,Pyramid,"Py, Egypt, Great, py, An, G, T, S, Des, E","0.8092628717422485, 0.08731841295957565, 0.01979018934071064, 0.012877722270786762, 0.0076297977939248085, 0.0048120529390871525, 0.003205518238246441, 0.0030349239241331816, 0.0029878716450184584, 0.0023269569501280785"
img106.png,Typewriter,"Type, Typ, Key, W, Old, Computer, Ty, type, Word, Types","0.8948373794555664, 0.03551941737532616, 0.022227482870221138, 0.00693975854665041, 0.0031279942486435175, 0.003008162835612893, 0.0018972244579344988, 0.001500828075222671, 0.0014321001945063472, 0.001273736241273582"
img107.png,Rope,"Ro, An, K, Tw, Bra, S, R, Co, No, C","0.7626091837882996, 0.09695486724376678, 0.024900071322917938, 0.010139443911612034, 0.008340478874742985, 0.00789660681039095, 0.007246334105730057, 0.005643450189381838, 0.0027937106788158417, 0.0026244481559842825"
img108.png,Basket,"B, W, Pur, Sho, Hand, Bag, P, Pic, Su, Sh","0.4905190169811249, 0.12114965170621872, 0.11927139014005661, 0.10691419988870621, 0.029228713363409042, 0.024613045156002045, 0.016524415463209152, 0.016141628846526146, 0.005159174557775259, 0.0036584024783223867"
img109.png,Letter,"Let, Cor, Mail, Hand, P, F, Note, Pap, Rece, Love","0.7053753733634949, 0.03377319872379303, 0.0192433912307024, 0.015462499111890793, 0.01281885989010334, 0.010710558854043484, 0.010300244204699993, 0.009305494837462902, 0.009161226451396942, 0.007836013101041317"
img110.png,Nose,"N, Sm, S, Sn, M, No, An, Run, Per, Sc","0.7996660470962524, 0.026521196588873863, 0.02340487204492092, 0.015591006726026535, 0.009987973608076572, 0.009309815242886543, 0.004131205379962921, 0.003820740384981036, 0.003761505475267768, 0.0034517510794103146"
img111.png,Beehive,"Be, Tower, Stack, H, P, Br, J, Block, Building, T","0.12680108845233917, 0.11635922640562057, 0.09349726885557175, 0.0694812685251236, 0.039589233696460724, 0.03897545859217644, 0.029650965705513954, 0.028293149545788765, 0.024390218779444695, 0.019294248893857002"
img112.png,Horse,"Hor, Un, White, Draw, P, Sh, H, C, Race, I","0.9266040921211243, 0.007892409339547157, 0.006594354286789894, 0.00634172884747386, 0.005729274358600378, 0.005257477518171072, 0.0037281098775565624, 0.0026230530347675085, 0.002369730733335018, 0.0021242129150778055"
img113.png,Key,"Key, Ke, Car, Lock, Do, House, A, Un, S, The","0.7964295744895935, 0.05462279170751572, 0.0482044480741024, 0.04635775834321976, 0.023310145363211632, 0.0015136344591155648, 0.0010322090238332748, 0.0009325231076218188, 0.0008490720647387207, 0.0005612023524008691"
img114.png,Man,"Man, Chinese, Fire, Hat, S, Sk, P, Cow, Arch, Draw","0.18999531865119934, 0.07858548313379288, 0.03406428545713425, 0.02715841494500637, 0.02341201715171337, 0.02286967821419239, 0.021150996908545494, 0.018520429730415344, 0.018233297392725945, 0.01584136299788952"
img115.png,Cross,"Cross, Christian, Cru, E, Symbol, Jesus, X, Religion, Christ, Holy","0.8393562436103821, 0.04962576925754547, 0.042780086398124695, 0.007261854596436024, 0.005789655260741711, 0.004269023891538382, 0.003172469325363636, 0.0027562889736145735, 0.0024134875275194645, 0.00230296584777534"
img116.png,Crutches,"Cr, C, Cast, S, Walk, Orth, P, Can, Medical, H","0.6828486919403076, 0.054327111691236496, 0.02774757146835327, 0.014172072522342205, 0.01406178530305624, 0.012803400866687298, 0.011841210536658764, 0.010449831373989582, 0.0090083172544837, 0.008528904058039188"
img117.png,Bone,"B, S, Rib, Sk, Human, Fem, Arm, An, H, Leg","0.6297297477722168, 0.18326179683208466, 0.06794702261686325, 0.033114731311798096, 0.01458021905273199, 0.006030641030520201, 0.004112539812922478, 0.0038333088159561157, 0.003601060016080737, 0.0028486731462180614"
img118.png,Cat,"Cat, Run, Walk, Running, K, C, St, F, S, T","0.9113510251045227, 0.014962590299546719, 0.012212110683321953, 0.011744272895157337, 0.003903225064277649, 0.0034177780617028475, 0.0030398345552384853, 0.002661768114194274, 0.002367425477132201, 0.002223990624770522"
img119.png,Kitchen,"K, Draw, D, Home, Living, House, A, Room, Break, Un","0.9119937419891357, 0.019836191087961197, 0.01270754262804985, 0.005772660952061415, 0.001979453256353736, 0.0019640489481389523, 0.0014595573302358389, 0.001339365029707551, 0.0012582170311361551, 0.0012100154999643564"
img120.png,Dragon,"Dragon, Chinese, Drag, Dra, Din, Un, Draw, S, P, Griff","0.9064630270004272, 0.02199467085301876, 0.00640081474557519, 0.004793988540768623, 0.003095231717452407, 0.0029766547959297895, 0.0021273193415254354, 0.0018627430545166135, 0.0016567581333220005, 0.0015442684525623918"
img121.png,Horse,"Hor, S, Cow, Draw, R, Un, H, P, Don, Hat","0.41866376996040344, 0.29687705636024475, 0.027613870799541473, 0.015981681644916534, 0.015733910724520683, 0.01335319597274065, 0.01023824978619814, 0.01000108104199171, 0.008554377593100071, 0.007849938236176968"
img122.png,Pie,"Pie, Apple, Pas, P, C, D, Che, Half, Qu, T","0.7634630799293518, 0.03983475640416145, 0.027164941653609276, 0.01726708933711052, 0.010890215635299683, 0.008888335898518562, 0.007484729401767254, 0.0063027734868228436, 0.005783750209957361, 0.005349094048142433"
img123.png,Snail,"Sn, S, Sl, T, C, W, Cart, Race, Sh, A","0.3488827347755432, 0.31518930196762085, 0.08890322595834732, 0.034008514136075974, 0.029547108337283134, 0.014857220463454723, 0.007768277544528246, 0.0061934106051921844, 0.0061934106051921844, 0.005297504365444183"
img124.png,Pirate,"Pir, S, Captain, Man, A, Cart, Advent, Robin, Knight, Private","0.8780745267868042, 0.019859233871102333, 0.006971245631575584, 0.004162721335887909, 0.0038498875219374895, 0.0034510171972215176, 0.0031668313313275576, 0.003045512130483985, 0.002708734478801489, 0.0026667395140975714"
img125.png,Clock,"C, Watch, H, W, Time, Flow, T, Stop, Anal, P","0.9043281078338623, 0.03452097997069359, 0.006045896094292402, 0.004354695789515972, 0.0034448476508259773, 0.0020570126362144947, 0.0020251215901225805, 0.0019628151785582304, 0.0019173466134816408, 0.0019024255452677608"
img126.png,Pumpkin,"P, S, Hall, Jack, G, Veg, Car, F, Mel, Pom","0.829308807849884, 0.09675239026546478, 0.014380959793925285, 0.011829454451799393, 0.005501207429915667, 0.002681074198335409, 0.0022053916472941637, 0.0018141056643798947, 0.0014576748944818974, 0.0011804610257968307"
img127.png,Sock,"So, Sho, Foot, An, P, T, White, A, Stock, Draw","0.9257991909980774, 0.012309174053370953, 0.009737358428537846, 0.005335632245987654, 0.003112246748059988, 0.0019937800243496895, 0.0017595046665519476, 0.0016020473558455706, 0.0015649358974769711, 0.0015527574578300118"
img128.png,Closet,"Cl, Ward, Open, D, Walk, Do, Co, Sh, W, Rob","0.7558532357215881, 0.1214766651391983, 0.015687232837080956, 0.012027819640934467, 0.008012254722416401, 0.005954202730208635, 0.005092898849397898, 0.004637137055397034, 0.004637137055397034, 0.003340004710480571"
img129.png,Hair,"H, Cur, W, Flow, Woman, Head, C, Long, Girl, Ha","0.37015315890312195, 0.11027523130178452, 0.06137740984559059, 0.03159438446164131, 0.03159438446164131, 0.02240377478301525, 0.019162964075803757, 0.011442728340625763, 0.01058279350399971, 0.008981499820947647"
img130.png,Baby,"Baby, Child, New, Boy, Draw, Tod, Inf, Bab, C, Cart","0.6946321129798889, 0.04839129373431206, 0.0327431857585907, 0.02114058844745159, 0.020650869235396385, 0.020172491669654846, 0.016986940056085587, 0.013126490637660027, 0.011674942448735237, 0.00660041393712163"
img131.png,Bat,"Bat, V, F, Bird, Wing, Fly, B, Fl, W, Dragon","0.8606523275375366, 0.06901011615991592, 0.0079263336956501, 0.007742720656096935, 0.0054052905179560184, 0.004080126993358135, 0.003462758846580982, 0.0016876140143722296, 0.0013666714075952768, 0.0013143150135874748"
img132.png,Leaf,"Le, Map, Tree, Oak, I, Pal, Aut, F, Clo, Tre","0.4724102020263672, 0.41690054535865784, 0.016808928921818733, 0.015304704196751118, 0.010601258836686611, 0.0034417244605720043, 0.0031583039090037346, 0.003013674868270755, 0.002365460619330406, 0.0022926831152290106"
img133.png,Shoes,"Sho, S, Sand, F, P, Foot, So, Lo, Draw, H","0.40338367223739624, 0.14956045150756836, 0.1472417265176773, 0.10605424642562866, 0.03962957486510277, 0.031105609610676765, 0.007988580502569675, 0.0047330777160823345, 0.004446315113455057, 0.004377381410449743"
img134.png,Mountain,"Mountain, Mountains, Rock, Pe, M, Cl, Hill, Mount, Snow, Ro","0.7322422862052917, 0.06105264276266098, 0.03118263930082321, 0.019361741840839386, 0.018620004877448082, 0.014615008607506752, 0.013100809417665005, 0.011928421445190907, 0.008008363656699657, 0.006957787089049816"
img135.png,Sun,"Sun, Sol, D, F, L, Se, S, Star, An, E","0.7320780158042908, 0.06756395101547241, 0.04680017754435539, 0.03940970450639725, 0.006586022209376097, 0.0060910750180482864, 0.00550282746553421, 0.004932702984660864, 0.004387237131595612, 0.003694423707202077"
img136.png,Mustache,"Must, M, Man, Be, St, N, Draw, Fa, Wh, Mans","0.7040823698043823, 0.06397279351949692, 0.037902627140283585, 0.03267410397529602, 0.014163175597786903, 0.014052958227694035, 0.007760779932141304, 0.007233843207359314, 0.006187433376908302, 0.005251206923276186"
img137.png,Ear,"Ear, E, Right, Human, Left, An, Draw, M, The, Inner","0.7085104584693909, 0.15809005498886108, 0.01529043447226286, 0.013813755474984646, 0.011452005244791508, 0.00462702801451087, 0.004555292893201113, 0.004246000200510025, 0.004083338193595409, 0.0034654841292649508"
img138.png,Door,"Do, Front, En, Gate, Entry, Lock, House, Cl, The, Un","0.9341083765029907, 0.009522476233541965, 0.009229500778019428, 0.003817487508058548, 0.003342703450471163, 0.002836915897205472, 0.002583041088655591, 0.0023889224976301193, 0.0016418808372691274, 0.0013400641037151217"
img139.png,House,"House, Home, Draw, C, Sk, H, Building, Sh, Cab, Do","0.8226909041404724, 0.053840070962905884, 0.027072489261627197, 0.022269222885370255, 0.009210950694978237, 0.008720752783119678, 0.004217080306261778, 0.0030138115398585796, 0.0025181337259709835, 0.0015881670406088233"
img140.png,Nail,"N, S, Th, Need, Pin, T, Pen, An, Thread, H","0.5653506517410278, 0.20158199965953827, 0.11132413893938065, 0.03614165633916855, 0.025428833439946175, 0.004216514062136412, 0.0035506607964634895, 0.002459470648318529, 0.002346843248233199, 0.0020549646578729153"
img141.png,Binoculars,"Bin, T, Mon, Spect, S, Mic, Micro, Per, G, Sp","0.4672970771789551, 0.3088645339012146, 0.021516935899853706, 0.020371822640299797, 0.018694236874580383, 0.01662699691951275, 0.014333367347717285, 0.014333367347717285, 0.008492238819599152, 0.006261784583330154"
img142.png,Garlic,"Gar, On, Veg, Le, Car, Par, Cel, Art, Lem, Sh","0.1658552587032318, 0.1364288181066513, 0.10877053439617157, 0.09088118374347687, 0.056429412215948105, 0.038481514900922775, 0.032914984971284866, 0.027717195451259613, 0.025835266336798668, 0.02370777353644371"
img143.png,Vase,"V, Am, Jar, Ur, Jug, B, An, G, P, Pot","0.8262041807174683, 0.026558291167020798, 0.01661975122988224, 0.012159271165728569, 0.011245488189160824, 0.010319439694285393, 0.00583408260717988, 0.005311992019414902, 0.005270653869956732, 0.004651335533708334"
img144.png,Pencil,"P, Pen, In, Writing, Sh, Le, No, Draw, Er, Mark","0.8184128999710083, 0.13570615649223328, 0.005557673051953316, 0.004097971133887768, 0.0023717237636446953, 0.0018761878600344062, 0.0012694922043010592, 0.0012113578850403428, 0.001060700393281877, 0.0009072651737369597"
img145.png,Elephant,"Ele, Walk, Baby, Tr, Draw, Z, P, Animal, T, An","0.8759795427322388, 0.039093952625989914, 0.031168414279818535, 0.004420621320605278, 0.003389407880604267, 0.0032595619559288025, 0.0024604464415460825, 0.0015885834582149982, 0.0015040406724438071, 0.0011713480344042182"
img146.png,Spool,"S, Draw, H, P, Sp, D, Ro, Un, C, Pi","0.24239236116409302, 0.07109344750642776, 0.04146844148635864, 0.039569463580846786, 0.025748342275619507, 0.02326168864965439, 0.02308066561818123, 0.019896775484085083, 0.018258308991789818, 0.017286619171500206"
img147.png,Bench,"Ben, Park, S, Chair, Se, Pic, Sit, C, Wood, Table","0.8014340400695801, 0.08251377195119858, 0.016375359147787094, 0.010739223100244999, 0.009114259853959084, 0.007615249138325453, 0.003326856065541506, 0.0028904227074235678, 0.002823465969413519, 0.0019557576160877943"
img148.png,Zebra,"Z, St, G, Hor, Black, Animal, Un, Lion, T, Ele","0.9733326435089111, 0.0037367860786616802, 0.0017929296009242535, 0.0017789768753573298, 0.00150979810860008, 0.0010874667204916477, 0.0010540089569985867, 0.0007771773962303996, 0.0006858566775918007, 0.0006293774349614978"
img149.png,Man,"Man, A, Business, Male, Cart, Su, Men, Draw, C, P","0.4851013422012329, 0.056594979017972946, 0.038294076919555664, 0.016341906040906906, 0.014648791402578354, 0.013028904795646667, 0.012239523231983185, 0.011862952262163162, 0.007599692791700363, 0.007423646282404661"
img150.png,Seal,"Se, Sea, Wh, Ot, Wal, P, Dol, Draw, Dog, Ele","0.8476266264915466, 0.04320160672068596, 0.016269875690340996, 0.011537069454789162, 0.006421346217393875, 0.005323483143001795, 0.005323483143001795, 0.005000948905944824, 0.0030332286842167377, 0.0026148068718612194"
img151.png,Hair,"H, Head, W, Cup, C, Bowl, Com, G, Hat, Per","0.11574508994817734, 0.09373323619365692, 0.0729995146393776, 0.04978134483098984, 0.04604021832346916, 0.0435900017619133, 0.030193913727998734, 0.028587020933628082, 0.028364555910229683, 0.02191842906177044"
img152.png,Necklace,"Ne, Bra, Heart, Jew, An, Col, P, E, B, Ch","0.4812077581882477, 0.11429686844348907, 0.08763444423675537, 0.06771863996982574, 0.053569864481687546, 0.04546415060758591, 0.022682907059788704, 0.020332826301455498, 0.00713749323040247, 0.004466529469937086"
img153.png,Desk,"Des, Table, Dra, Draw, D, Office, Cab, Computer, Cl, Sh","0.5909637212753296, 0.09205438941717148, 0.0673484280705452, 0.05204283446073532, 0.03867495059967041, 0.03690389543771744, 0.029885683208703995, 0.010908770374953747, 0.004172977060079575, 0.003950894810259342"
img154.png,Bell,"Bell, Silver, B, Church, C, T, H, Sh, Ch, Camp","0.8327614665031433, 0.017555588856339455, 0.010565140284597874, 0.0059729875065386295, 0.0052301231771707535, 0.003947903867810965, 0.0036228003446012735, 0.00345690012909472, 0.003324468620121479, 0.0027346329297870398"
img155.png,Star,"Star, Start, , Five, Six, A, Stars, Un, Y, star","0.9514262080192566, 0.0029350139666348696, 0.0026723607443273067, 0.0023217869456857443, 0.002250353107228875, 0.0018802402773872018, 0.0016463935608044267, 0.0015466435579583049, 0.001233091694302857, 0.00109673454426229"
img156.png,Hammer,"Ham, W, S, Cla, Hamm, H, Mal, Tool, Dr, Pi","0.8776843547821045, 0.04799213260412216, 0.014751571230590343, 0.008537554182112217, 0.005137990228831768, 0.0046781934797763824, 0.004569823853671551, 0.00400147121399641, 0.001483604428358376, 0.0011736276792362332"
img157.png,Pillow,"P, Bl, Bed, Square, Th, S, Tow, C, Com, Fl","0.8998497128486633, 0.022703981027007103, 0.009031019173562527, 0.004648770671337843, 0.004541081842035055, 0.0037942160852253437, 0.0037353921215981245, 0.003048738231882453, 0.0025473160203546286, 0.0024689435958862305"
img158.png,Spoon,"Spo, S, Te, Silver, Ut, Sp, Lad, T, C, E","0.7829664945602417, 0.11104825884103775, 0.0174336526542902, 0.01702980138361454, 0.014566361904144287, 0.008630283176898956, 0.0066689662635326385, 0.0031256817746907473, 0.002304733032360673, 0.002233823761343956"
img159.png,Screw,"S, Th, P, W, T, C, B, St, Flash, Fire","0.19126850366592407, 0.03679053857922554, 0.027127642184495926, 0.023022929206490517, 0.02284376509487629, 0.02196863293647766, 0.020799484103918076, 0.0196925550699234, 0.01684393547475338, 0.01645374670624733"
img160.png,Compass,"Com, C, Comp, Sp, K, S, L, D, Ro, Glo","0.39047056436538696, 0.057586610317230225, 0.030346008017659187, 0.030109858140349388, 0.02005748823285103, 0.0189900491386652, 0.015743304044008255, 0.015499226748943329, 0.013361168093979359, 0.011339476332068443"
img161.png,Flower,"F, Flow, D, Rose, L, I, Car, Flor, Tul, Bl","0.7785020470619202, 0.04638884961605072, 0.03815842792391777, 0.024636929854750633, 0.015906797721982002, 0.011637662537395954, 0.008648376911878586, 0.0066309403628110886, 0.006037539802491665, 0.003440086729824543"
img162.png,Kite,"K, Bal, S, Diam, Oct, Com, Par, Ro, D, An","0.5064234733581543, 0.029477378353476524, 0.02621772699058056, 0.024058736860752106, 0.018302923068404198, 0.017601748928427696, 0.015901854261755943, 0.015055573545396328, 0.013183100149035454, 0.012003349140286446"
img163.png,Suit,"Su, Jack, Business, Man, T, Co, Men, Bla, Ar, D","0.5633530616760254, 0.07927865535020828, 0.06834247708320618, 0.05800150707364082, 0.053642626851797104, 0.04552590847015381, 0.017689460888504982, 0.006873383652418852, 0.005787969566881657, 0.004334988538175821"
img164.png,Cake,"C, D, Che, S, B, Pie, Sand, Tir, P, Wed","0.827591598033905, 0.020397141575813293, 0.015276753343641758, 0.015157869085669518, 0.01348168682307005, 0.008704432286322117, 0.007445294875651598, 0.004176431801170111, 0.0039851791225373745, 0.0039851791225373745"
img165.png,Hat,"Hat, Fed, Cow, St, Cap, H, Top, F, Head, Br","0.9222190976142883, 0.013257922604680061, 0.0059758136048913, 0.004107112996280193, 0.003949771635234356, 0.0034856614656746387, 0.0030521471053361893, 0.0019249649485573173, 0.001583433011546731, 0.0013127120910212398"
img166.png,Crown,"Crown, King, Ti, Royal, Cor, Hat, Crow, Th, T, Head","0.8310606479644775, 0.0635858029127121, 0.012423350475728512, 0.009377636946737766, 0.009377636946737766, 0.009089116007089615, 0.007535142358392477, 0.004064904525876045, 0.0029278406873345375, 0.0029278406873345375"
img167.png,Piano,"P, Grand, Key, Music, Musical, Organ, Draw, Pi, piano, Vi","0.9084170460700989, 0.01885359361767769, 0.013901768252253532, 0.0045843166299164295, 0.004548641387373209, 0.0034067747183144093, 0.002737420378252864, 0.0023598037660121918, 0.002131905173882842, 0.0016092464793473482"
img168.png,Stethoscope,"St, Blood, S, Heart, T, Th, Medical, B, H, An","0.28743982315063477, 0.1315995454788208, 0.12955927848815918, 0.10825082659721375, 0.018664784729480743, 0.017533941194415092, 0.015595010481774807, 0.014536147005856037, 0.013870488852262497, 0.013549179770052433"
img169.png,Bride,"B, Wed, Br, Woman, Princess, Draw, Lady, D, Girl, Queen","0.5015886425971985, 0.20746609568595886, 0.07874524593353271, 0.03334283456206322, 0.014008375816047192, 0.01275477185845375, 0.011081536300480366, 0.009627806954085827, 0.0060721817426383495, 0.0057042865082621574"
img170.png,Butterfly,"But, Mon, Be, Le, Lady, M, C, T, F, An","0.944128692150116, 0.00458200927823782, 0.0033002973068505526, 0.0025107336696237326, 0.002286049071699381, 0.001397433690726757, 0.0013865588698536158, 0.0013650621986016631, 0.0011228694347664714, 0.001096858293749392"
img171.png,Heart,"Heart, Love, He, Valent, I, Line, P, An, Draw, E","0.9221516847610474, 0.017839180305600166, 0.011976659297943115, 0.00932743214070797, 0.004043142311275005, 0.004011678509414196, 0.002198218135163188, 0.0013542830711230636, 0.0011858498910441995, 0.000881248852238059"
img172.png,Skis,"Sk, Ski, Snow, P, S, Draw, Cross, Winter, Down, Two","0.5950167775154114, 0.2945546507835388, 0.041451625525951385, 0.00620955741032958, 0.0031468505039811134, 0.0029561922419816256, 0.0027554742991924286, 0.0022314509842544794, 0.0021968556102365255, 0.0018212571740150452"
img173.png,Clown,"C, J, Jug, Circ, M, Tr, Har, P, A, F","0.8026536703109741, 0.03526614233851433, 0.02855939045548439, 0.021726839244365692, 0.019324250519275665, 0.0038954077754169703, 0.0033580511808395386, 0.0031793389935046434, 0.0025150643195956945, 0.0018400602275505662"
img174.png,Volcano,"Vol, E, Ex, Mountain, Cloud, T, Bomb, Bl, Storm, V","0.7463904023170471, 0.049229785799980164, 0.045530106872320175, 0.01701335795223713, 0.011245143599808216, 0.009035727009177208, 0.00797400064766407, 0.006714781746268272, 0.005972250364720821, 0.0037082545459270477"
img175.png,Pear,"Pear, P, F, Pe, Apple, Draw, An, Pie, A, Un","0.7267329692840576, 0.13029605150222778, 0.03942880406975746, 0.028399500995874405, 0.005505494773387909, 0.00501280976459384, 0.0043552047573029995, 0.0036674500443041325, 0.003261897712945938, 0.0027254174929112196"
img176.png,Octopus,"Oct, S, An, O, Ce, Ok, Sea, Se, C, J","0.8803560137748718, 0.014681326225399971, 0.010995806194841862, 0.009187339805066586, 0.007099425420165062, 0.00688099954277277, 0.004841387737542391, 0.0031503508798778057, 0.0027585397474467754, 0.0025914080906659365"
img177.png,Saw,"S, Raz, Sc, Kn, H, T, C, Com, R, Me","0.24171695113182068, 0.11872737854719162, 0.07786332070827484, 0.074297696352005, 0.062078047543764114, 0.044019926339387894, 0.028644312173128128, 0.02079354040324688, 0.017785659059882164, 0.01764724962413311"
img178.png,Camera,"Camera, D, Can, Phot, Camer, Cam, Le, Digital, N, Ph","0.9031309485435486, 0.03188442438840866, 0.007692474871873856, 0.007632611785084009, 0.004215128254145384, 0.0034672701731324196, 0.0028744679875671864, 0.0028299035038799047, 0.002807880751788616, 0.0015506590716540813"
img179.png,Bed,"Bed, T, B, Mat, Un, Draw, S, C, P, Single","0.948329746723175, 0.00922474730759859, 0.004823270253837109, 0.002663663122802973, 0.002425292506814003, 0.002425292506814003, 0.002074462827295065, 0.0012582252966240048, 0.0011819934006780386, 0.0010931651340797544"
img180.png,Harp,"Har, Fl, C, Harm, P, Rec, Clar, Inst, Hur, Gu","0.4671606719493866, 0.1917223483324051, 0.04050238057971001, 0.021177159622311592, 0.020686591044068336, 0.020207388326525688, 0.012844596989452839, 0.012352528981864452, 0.011604126542806625, 0.010401871986687183"
img181.png,Broom,"Bro, Br, D, S, V, C, W, B, P, Sh","0.8496143817901611, 0.06251506507396698, 0.05603814497590065, 0.005860412959009409, 0.0034994124434888363, 0.0033131767995655537, 0.003161455737426877, 0.0011011388851329684, 0.0009870545472949743, 0.0006033743848092854"
img182.png,Nurse,"Nur, N, Girl, Doctor, Lady, Woman, Draw, Medical, Sur, Hospital","0.7003641724586487, 0.06167711690068245, 0.024533459916710854, 0.01712711714208126, 0.015473060309886932, 0.014649598859250546, 0.011058097705245018, 0.006203030236065388, 0.005182825960218906, 0.0041321092285215855"
img183.png,Eye,"E, I, An, Human, Right, The, Close, Left, P, Face","0.8566555976867676, 0.07311974465847015, 0.01280596386641264, 0.009080788120627403, 0.0036977457348257303, 0.003089582547545433, 0.002010429510846734, 0.001979260705411434, 0.0012580947950482368, 0.00111026456579566"
img184.png,Cowboy,"Cow, Man, P, Out, Old, Min, Cart, Western, A, Far","0.7178348898887634, 0.05622517690062523, 0.021340670064091682, 0.011071393266320229, 0.010730762965977192, 0.010080618783831596, 0.009924333542585373, 0.009694436565041542, 0.008292091079056263, 0.006928300950676203"
img185.png,Monkey,"Mon, Mac, A, S, Draw, Sim, Prim, Ch, Cart, C","0.9163034558296204, 0.009866030886769295, 0.003463302506133914, 0.0033830751199275255, 0.0031044844072312117, 0.0028936974704265594, 0.0028936974704265594, 0.002871178789064288, 0.0026762327179312706, 0.0015368311433121562"
